Q,label
헬로우,0
헬로,0
안부 인사드립니다.,0
먼저 인사하려고 했는데 짝남이 먼저 인사해줬어. 더 떨렸겠어요.,0
먼저 인사할까 했는데 짝녀가 먼저 인사해줬어. 기분 좋았겠네요.,0
각자 집에 인사드리러 가 제가 더 떨리네요.,0
이별의 마무리 가벼운 안부 인사일 거예요.,0
용기내서 새해인사 했네 이제 연락하지 마세요.,0
오늘 마지막 인사를 하러가네 미련없길 바랄게요.,0
오늘 마지막 인사하러 갑니다. 미련없이 정리했긴 바랍니다.,0
내 마음에 마지막 인사 마음이랑 잘 인사해요.,0
먼저 잘게 잘자 안녕히 주무세요.,0
진짜 이제 안녕 맘고생 많았어요.,0
잘가 안녕.,0
이제 진짜 안녕!! 안녕!,0
안뇽,0
이젠 진짜 진짜 안녕 맘 고생 많았어요.,0
안녕을 고하며 잘 보내주었나요.,0
안녕하세 안녕하세요.,0
안녕하세요,0
반가워요,0
반가반가,0
방가방가,0
하이,0
안녕,0
좋은 아침이야,0
진짜 반갑다,0
요즘 어떻게 지냈어요?,0
잘 지냈습니까?,0
잘지내지?,0
만나서 반가워요,0
만나서 반갑습니다,0
하이루,0
반갑,0
잘지냈어요?,0
잘지냈어?,0
나 먼저 잘게 안녕히 주무세요.,0
안녕히 주무세요.,0
안녕 안녕하세요.,0
안녕안녕 안녕하세요.,2
안녕하세요 안녕하세요.,0
안뇽 안녕하세요.,0
ㅎㅇ,0
ㅎㅇㅎㅇ,0
hi,0
Hi,0
안뇨오오오옹,0
히사시부리,0
만반잘부,0
만반,0
안녀엉,0
하이용,0
하이이,0
반갑습니다,0
반갑다네,0
히읗이응,0
안녕쓰,0
하이쓰,0
하이다요,0
안녕화살법,0
안녕하신가,0
안녕하니,0
반갑니,0
만나서 반가워요 잘 부탁드려요,0
만나서 방가방가,0
ㅎㅇ안녕,0
ㅎㅇㅎㅇ안녕,0
안녕하세요 주문하고싶은데요,0
안녕 주문좀,0
포장,1
ㅍㅈ,1
싸이버거 포장,1
포장해주세요,1
포장주문이요,1
포장 부탁,1
포장해줄래?,1
포장원해요,1
포장 주문 받아줘,1
포장 가능?,1
싸이버거 포장 주문,1
싸이 1개 포장,1
싸이 포장할래,1
싸이버거 포장 부탁,1
싸이버거 포오오오오장 ,1
싸이버거 포장 한다,1
포장 싸이버거 한개,1
싸이버거 1개 포장해주세요,1
햄버거 포장이요,1
포장이요,1
포장 부탁쓰,1
포장 플리즈,1
포장해서 줘,1
포장 가능한가요?,1
싸이 포장 주문,1
싸이 포장할게,1
포장해갈게,1
찾으러갈게,1
포장해서 준비해주세요,1
싸이버거 매장으로 찾으러 갈게요,1
매장으로 찾으러 감,1
찾으러 감,1
찾아감,1
찾아갈거야,1
매장으로 찾으러 갈거야,1
싸이버거 찾으러 갈게요,1
직접 가져갈게요,1
가지러 갈게요,1
가질러가요,1
테이크 아웃 ,1
테이크 아웃으로 준비 해주세요,1
테잌 아웃 해갈게요,1
싸이버거 테이크 아웃,1
싸이버거 가지러 감,1
싸이버거 방문 수령,1
수령하러 갈게요,1
수령,1
수령할거야,1
싸이버거 수령하러 감,1
수령 주문 가능?,1
방문 주문 가능?,1
테이크 아웃 주문 가능?,1
테이크 아웃 가능?,1
테이크아웃 하고 싶어요,1
방문 포장 하고싶어요,1
찾으러 가고 싶어요,1
가지러 가고 싶어요,1
가지러가는  가능한가요?,1
가지러 가고 싶은데 가능?,1
포장 주문 가능한가요?,1
찾으러 갈게요 빨리 준비해주세요,1
가지러 갈게요 빨리 준비해주세요,1
가지러 갈건데 금방 가요,1
받으러 갈게요,1
싸이버거 1개 받으러 갈게요,1
딥치즈버거 찾으러 갈게요,1
딥치즈 받으러 감,1
딥치즈 테이크 아웃 ,1
테이크 아웃 딥치즈 1개,1
딥치즈 방문 포장 ,1
방문해서 찾아 갈래요,1
딥치즈 수령하러 갈게요,1
수령 주문 ,1
수령한다,1
받으러 간다,1
받아갈거야,1
받음,1
포장할거야,1
포장으로 부탁,1
딥치즈 포장 주문,1
딥치즈 포장해갈게,1
딥치즈 포장으로 부탁해,1
딥치즈버거 테이크 아웃,1
테이크아웃 할건데 딥치즈한개,1
딥치즈한개 찾으러 갈게요,1
찾을거에요,1
직접 가서 받을게요,1
직접 갈건데 싸이버거 한개 준비해주세요,1
테이크 아웃 할건데 싸이버거 두개 준비해주세요,1
포장 주문이고 싸이버거 세개요,1
포장으로 ,1
매장으로 테이크 아웃이요,1
매장으로 테이크 아웃,1
12시까지 준비해주세요,1
한시까지 준비해주세요,1
한시가지 찾으러 갈게요,1
한시까지 받으러 갈게요,1
열두시까지 갈게요,1
내일까지 찾으러 갈게요,1
내일까지 방문할게요,1
내일 방문함,1
내일 찾으러 감,1
오늘 찾으러 감,1
오늘 수령하러 가요,1
오늘 받으러 갈게요,1
오늘 테이크 아웃 할거에요,1
오늘 포장해 갈게요,1
오늘 포장할 거에요,1
오늘 포장 주문이요,1
내일 포장 주문인데요,1
내일 포장 가능한가요?,1
이따 찾으러 갈게요,1
이따 방문할게요,1
이따가 방문할건데요,1
이따가 포장해갈건데요,1
이따가 포장 주문,1
이따 테이크 아웃할게요,1
싸이버거 한개 이따 찾으러 갈게요,1
싸이버거 한개 테이크 아웃 할게요,1
딥치즈버거 두개 방문해서 찾아갈게요,1
이따가 가지러 갈게요,1
이따 가지러 감,1
내일꺼 포장해주세요,1
내일 찾으러 갈게요,1
싸이버거 포장해주세요,1
포장으로 싸이버거 1,1
포장 싸이버거 두개,1
싸이버거 두개 포장해주삼,1
포장해주삼,1
포장 부탁 드립니다.,1
포장해서 주세요,1
가지러 가게 포장해주세요,1
가지러 갈거니까 포장으로 해주세요,1
포장 주문 받아줘,1
방문할게요,1
방문 주문이요,1
싸이버거 두개 방문 주문,1
방문,1
딥치즈버거 한개 방문할게요,1
2시까지 준비해주세요,1
2시까지 방문할게요,1
직접 방문할게요,1
방문할건데요 두시까지 준비해주세요,1
딥치즈버거 방문 주문,1
3시까지 테이크 아웃 가능?,1
3시까지 테이크 아웃 가능한가요?,1
3시까지 찾으러 가도 될까요?,1
내일까지 방문해도 될까요?,1
이따 방문해도 될까요?,1
이따 찾으러 가도 되나요?,1
찾으러 가도 되나요?,1
방문해도 되나요?,1
포장 방문 되나요?,1
테이크 아웃해도 될까요?,1
찾으러 가도 괜찮을까요?,1
포장 문의하고 드립니다,1
포장 주문 받아줘,1
방문 주문 받아줘,1
테이크아웃 주문 받아줘,1
포장 ㄱㄱ,1
포장으로 ㄱ,1
포장으로 ㄱㄱ,1
방문 ㄱㄱ,1
테이크아웃ㄱㄱ,1
포장하고파,1
포장할꾸야,1
포장해갈꾸여,1
찾으러 갈꾸야,1
방문할꾸야,1
포장 선택,1
포장으로 선택,1
방문으로 선택,1
방문 선택,1
방문한다!,1
포장한다!,1
포장으로 한다!,1
찾으러 간다!,1
테이크아웃 할거다!,1
싸이버거 준비해줘!,1
딥치즈버거 포장해줘!,1
포장해줘,1
가지러 감,1
가지러 갈거에요,1
싸이버거 한개 가지러 갈게요,1
딥치즈버거 가지러 갈게요,1
딥치즈 가질러 감,1
가질러 가요,1
가질러 갈게요,1
16시까지 테이크아웃 할래요,1
저.. 통새우버거 한개 포장하고 싶은데요,1
화이트갈릭버거 한개 포장이요!!,1
화이트갈릭버거 한개 포장하고 싶어요,1
싸이버거 1개 받으러 이따 갈게요,1
인크레더블버거 한개 통새우버거 두개 포장이요,1
인크레더블버거 한개 포장하고 싶어서요,1
인크레더블버거 1개 포장해주세요,1
통새우버거 한개 포장할래요,1
싸이버거 한개 인크레더블버거 한개 포장이요,1
이따 찾으러 갈게요!!,1
싸이버거 한개 이따가 받으러 갈게요,1
통새우버거 한개 포장하고 싶어요,1
통새우버거 한개 인크레더블버거 두개 포장이요,1
인크레더블버거 1개 이따 찾으러 갈게요,1
딥치즈버거 한개 화이트갈릭버거 한개 포장이요,1
통새우버거 한개 받으러 이따 가져갈게요,1
통새우버거 1개 포장할래요!!,1
테이크아웃할게요,1
딥치즈버거 한개 포장 방문할게요,1
화이트갈릭버거 1개 이따 찾으러 갈게요!!,1
싸이버거 한개 가져갈게요,1
딥치즈버거 1개 가지러갈래요,1
싸이버거 1개 포장할래요,1
화이트갈릭버거 1개 포장하고 싶어요,1
네시까지 테이크아웃 가능한가요?,1
화이트갈릭버거 1개 포장 방문할게요,1
통새우버거 1개 화이트갈릭버거 1개 포장이요,1
통새우버거 1개 포장 가능한가요?,1
이따가 받으러 갈게요,1
가지러 갈게요!!,1
인크레더블버거 한개 이따가 가지러 갈게요,1
통새우버거 1개 태이크아웃할게요,1
인크레더블버거 한개 이따가 받으러 갈게요,1
테이크아웃 할래요!!,1
딥치즈버거 한개 인크레더블버거 한개 포장이요,1
9시까지 갈게요,1
딥치즈버거 한개 이따가 찾으러 갈게요,1
인크레더블버거 한개 포장해주세요,1
통새우버거 1개 이따 가지러 갈게요,1
화이트갈릭버거 1개 통새우버거 1개 포장이요,1
통새우버거 한개 포장하겠습니다,1
딥치즈버거 1개 포장하고 싶어서요!!,1
여덟시까지 가면 될까요?,1
화이트갈릭버거 1개 받으러 이따 가져갈게요!!,1
싸이버거 1개 이따가 받으러 갈게요,1
인크레더블버거 한개 포장 방문할게요,1
인크레더블버거 한개 이따 갈게요!!,1
1시까지 테이크아웃 가능한가요?,1
인크레더블버거 1개 찾으러 갈게요!!,1
싸이버거 한개 포장하고 싶어요,1
딥치즈버거 1개 이따가 가져갈게요,1
싸이버거 한개 이따가 가져갈게요,1
통새우버거 한개 포장이요!!,1
딥치즈버거 한개 포장이요!!,1
인크레더블버거 한개 테이크아웃 할래요!!,1
두시까지 테이크아웃 할래요,1
딥치즈버거 한개 방문 포장할게요,1
싸이버거 1개 가지러갈래요!!,1
싸이버거 한개 가지러 갈게요!!,1
화이트갈릭버거 1개 주문,1
20시까지 준비해주세요,1
18시까지 테이크아웃 할래요,1
통새우버거 1개 포장으로 선택,1
딥치즈버거 1개 포장,1
인크레더블버거 한개 싸이버거 한개 포장이요,1
인크레더블버거 1개 포장부탁드립니다,1
싸이버거 한개 이따 찾으러 갈게요,1
인크레더블버거 한개 포장하고 싶어요,1
딥치즈버거 한개 받으러 이따 가져갈게요!!,1
인크레더블버거 1개 가져갈게요!!,1
화이트갈릭버거 1개 가지러 갈게요!!,1
싸이버거 한개 테이크아웃 할래요,1
통새우버거 1개 포장이요!!,1
싸이버거 한개 이따 갈게요,1
열한시까지 테이크아웃 할래요,1
인크레더블버거 1개 포장하고 싶어서요,1
인크레더블버거 1개 가지러 갈게요!!,1
저.. 인크레더블버거 한개 포장하고 싶은데요,1
화이트갈릭버거 한개 태이크아웃할게요,1
이따 가지러 갈게요,1
화이트갈릭버거 한개 받으러 이따 가져갈게요!!,1
인크레더블버거 한개 포장이요!!,1
13시까지 테이크아웃 할래요,1
17시까지 테이크아웃 할래요,1
딥치즈버거 한개 이따 가지러 갈게요,1
통새우버거 한개 포장할게요!!,1
여덟시까지 준비해주세요,1
화이트갈릭버거 1개 가져갈게요!!,1
4시까지 테이크아웃 가능한가요?,1
23시까지 갈게요,1
화이트갈릭버거 1개 가지러갈래요!!,1
아홉까지 준비해주세요,1
화이트갈릭버거 한개 포장할게요,1
싸이버거 1개 딥치즈버거2개 포장이요,1
싸이버거 한개 이따 받으러 갈게요,1
통새우버거 1개 테이크아웃 할래요!!,1
통새우버거 1개 딥치즈버거 1개 포장이요,1
통새우버거 한개 가지러 갈게요,1
화이트갈릭버거 한개 인크레더블버거 한개 포장이요,1
인크레더블버거 1개 테이크아웃 하겠습니다,1
화이트갈릭버거 한개 찾으러 갈게요,1
찾으러 갈게요,1
17시까지 테이크아웃 가능한가요?,1
인크레더블버거 한개 포장 가능한가요?,1
인크레더블버거 한개 통새우버거 한개 포장이요,1
통새우버거 1개 인크레더블버거 1개 포장이요,1
화이트갈릭버거 한개 이따 받으러 갈게요,1
딥치즈버거 한개 이따가 찾으러 갈게요,1
인크레더블버거 1개 딥치즈버거 1개 포장이요,1
통새우버거 한개 받으러 이따 갈게요!!,1
화이트갈릭버거 한개 이따 찾으러 갈게요,1
6시까지 가면 될까요?,1
통새우버거 한개 주문할게요,1
싸이버거 한개 이따 받으러 갈게요!!,1
통새우버거 한개 가지러갈래요,1
인크레더블버거 1개 이따가 받으러 갈게요,1
딥치즈버거 한개 이따가 받으러 갈게요,1
통새우버거 1개 이따가 찾으러 갈게요,1
이따 받으러 갈게요,1
4시까지 갈게요,1
싸이버거 1개 포장할래요!!,1
인크레더블버거 1개 화이트갈릭버거 2개 포장이요,1
통새우버거 1개 포장할래요,1
싸이버거 1개 포장할게요,1
화이트갈릭버거 한개 가지러갈래요,1
싸이버거 1개 이따 받으러 갈게요!!,1
22시까지 준비해주세요,1
17시까지 갈게요,1
화이트갈릭버거 한개 이따가 찾으러 갈게요,1
통새우버거 1개 싸이버거 1개 포장이요,1
통새우버거 한개 테이크아웃할게요,1
통새우버거 1개 이따 찾으러 갈게요!!,1
딥치즈버거 한개 받으러 이따 갈게요,1
딥치즈버거 한개 이따 갈게요!!,1
싸이버거 한개 인크레더블버거 두개 포장이요,1
16시까지 가면 될까요?,1
14시까지 준비해주세요,1
화이트갈릭버거 1개 받으러 갈게요!!,1
화이트갈릭버거 한개 포장하겠습니다,1
화이트갈릭버거 1개 테이크아웃 하겠습니다!!,1
딥치즈버거 한개 포장하고 싶어요,1
싸이버거 한개 포장으로 선택,1
포장해주세요,1
통새우버거 한개 찾으러 갈게요,1
통새우버거 한개 이따 갈래요!!,1
인크레더블버거 한개 이따 가져갈게요,1
3시까지 갈게요,1
화이트갈릭버거 한개 포장으로 선택,1
1시까지 테이크아웃 할래요,1
싸이버거 1개 이따 가지러 갈게요,1
인크레더블버거 1개 가지러 갈게요,1
21시까지 준비해주세요,1
딥치즈버거 1개 싸이버거 2개 포장이요,1
싸이버거 한개 화이트갈릭버거 두개 포장이요,1
싸이버거 한개 이따 갈래요,1
20시까지 갈게요,1
인크레더블버거 1개 주문할게요,1
통새우버거 한개 이따가 받으러 갈게요,1
인크레더블버거 1개 이따 가져갈게요,1
열한시까지 테이크아웃 가능한가요?,1
딥치즈버거 1개 가져갈게요!!,1
화이트갈릭버거 한개 포장할래요,1
싸이버거 한개 딥치즈버거 한개 포장이요,1
통새우버거 한개 가지러갈래요!!,1
통새우버거 1개 포장하겠습니다,1
통새우버거 1개 받으러 이따 갈게요,1
화이트갈릭버거 한개 가지러 갈게요,1
통새우버거 한개 딥치즈버거 한개 포장이요 ,1
싸이버거 1개 딥치즈버거 1개 포장이요,1
딥치즈버거 1개 포장하고 싶어요!!,1
화이트갈릭버거 한개 통새우버거 한개 포장이요,1
딥치즈버거 1개 테이크아웃 하겠습니다!!,1
싸이버거 1개 화이트갈릭버거 1개 포장이요,1
21시까지 테이크아웃 할래요,1
딥치즈버거 한개 포장 방문할게요!!,1
화이트갈릭버거 한개 요청할게요,1
통새우버거 한개 이따 갈게요!!,1
인크레더블버거 1개 이따 받으러가겠습니다,1
화이트갈릭버거 1개 딥치즈버거 1개 포장이요,1
통새우버거 1개 인크레더블버거 2개 포장이요,1
화이트갈릭버거 1개 주문할게요,1
딥치즈버거 한개 포장할게요,1
싸이버거 1개 이따 갈게요!!,1
다섯시까지 준비해주세요,1
딥치즈버거 한개 이따가 가지러 갈게요,1
딥치즈버거 1개 요청할게요,1
5시까지 준비해주세요,1
딥치즈버거 1개 찾으러 갈게요,1
인크레더블버거 1개 포장하고 싶어서요!!,1
딥치즈버거 1개 포장이요!!,1
화이트갈릭버거 한개 포장,1
딥치즈버거 1개 가지러갈래요!!,1
싸이버거 1개 통새우버거 1개 포장이요,1
통새우버거 1개 포장하고 싶어요,1
화이트갈릭버거 한개 주문,1
화이트갈릭버거 1개 이따가 받으러 갈게요,1
인크레더블버거 1개 테이크아웃 할게요,1
1시까지 가면 될까요?,1
딥치즈버거 한개 테이크아웃 하겠습니다!!,1
인크레더블버거 1개 방문 포장할게요,1
한시까지 갈게요,1
두시까지 갈게요,1
저.. 화이트갈릭버거 한개 포장하고 싶은데요,1
화이트갈릭버거 한개 가지러갈래요!!,1
화이트갈릭버거 1개 싸이버거 1개 포장이요,1
싸이버거 1개 포장하고 싶어서요,1
6시까지 갈게요,1
통새우버거 한개 받으러 이따 가져갈게요!!,1
싸이버거 한개 이따 찾으러 갈게요!!,1
화이트갈릭버거 1개 이따가 찾으러 갈게요,1
12시까지 테이크아웃 가능한가요?,1
5시까지 가면 될까요?,1
통새우버거 1개 포장할게요,1
통새우버거 1개 포장부탁드립니다,1
싸이버거 1개 포장하겠습니다,1
싸이버거 1개 이따 찾으러 갈게요!!,1
딥치즈버거 1개 포장하고 싶어요,1
싸이버거 한개 이따가 찾으러 갈게요,1
싸이버거 한개 가져갈게요!!,1
딥치즈버거 1개 찾으러 갈게요!!,1
딥치즈버거 1개 이따 가지러 갈게요,1
인크레더블버거 한개 포장하겠습니다,1
딥치즈버거 한개 테이크아웃 할래요,1
인크레더블버거 한개 포장할게요,1
13시까지 테이크아웃 가능한가요?,1
인크레더블버거 1개 포장 가능한가요?,1
10시까지 준비해주세요,1
화이트갈릭버거 1개 찾으러 갈게요,1
이따 갈게요!!,1
통새우버거 한개 이따가 받으러 갈게요,1
인크레더블버거 1개 통새우버거 1개 포장이요,1
싸이버거 1개 포장 방문할게요!!,1
23시까지 준비해주세요,1
다섯시까지 갈게요,1
통새우버거 한개 이따가 찾으러 갈게요,1
딥치즈버거 한개 화이트갈릭버거 두개 포장이요,1
딥치즈버거 한개 요청,1
인크레더블버거 한개 이따가 가져갈게요,1
인크레더블버거 1개 이따 받으러 갈게요,1
딥치즈버거 1개 통새우버거 1개 포장이요,1
딥치즈버거 한개 포장할래요,1
포장하고 싶어요,1
통새우버거 1개 딥치즈버거 1개 포장이요 ,1
통새우버거 1개 이따 갈래요!!,1
22시까지 갈게요,1
인크레더블버거 1개 포장할건데요,1
화이트갈릭버거 1개 싸이버거 2개 포장이요,1
화이트갈릭버거 한개 테이크아웃 할래요,1
화이트갈릭버거 1개 포장할래요!!,1
통새우버거 한개 싸이버거 한개 포장이요,1
싸이버거 한개 화이트갈릭버거 한개 포장이요,1
통새우버거 한개 화이트갈릭버거 한개 포장이요,1
통새우버거 1개 주문할게요,1
딥치즈버거 1개 이따 찾으러 갈게요!!,1
14시까지 테이크아웃 가능한가요?,1
딥치즈버거 한개 이따 갈래요!!,1
통새우버거 한개 이따 찾으러 갈게요,1
아홉까지 갈게요,1
3시까지 테이크아웃 가능한가요?,1
인크레더블버거 한개 이따가 받으러 갈게요,1
싸이버거 한개 테이크아웃 할게요,1
싸이버거 1개 요청,1
방문 포장할게요!!,1
8시까지 테이크아웃 할래요,1
화이트갈릭버거 1개 포장하고 싶어요!!,1
인크레더블버거 1개 포장하겠습니다,1
아홉까지 테이크아웃 할래요,1
싸이버거 한개 받으러 이따 갈게요!!,1
한시까지 준비해주세요,1
화이트갈릭버거 1개 방문 포장할게요!!,1
가져갈게요,1
인크레더블버거 1개 딥치즈버거 1개 포장이요,1
싸이버거 한개 포장할게요,1
화이트갈릭버거 한개 이따 갈게요!!,1
테이크아웃 하겠습니다,1
딥치즈버거 1개 포장으로 선택,1
이따 갈게요,1
통새우버거 1개 주문,1
테이크아웃 할게요,1
화이트갈릭버거 1개 이따 찾으러 갈게요,1
인크레더블버거 한개 요청할게요,1
딥치즈버거 1개 이따 받으러 갈게요!!,1
네시까지 테이크아웃 할래요,1
인크레더블버거 한개 포장 방문할게요!!,1
인크레더블버거 한개 포장하고 싶어요!!,1
두시까지 준비해주세요,1
2시까지 가면 될까요?,1
싸이버거 1개 가지러 갈게요!!,1
16시까지 갈게요,1
딥치즈버거 1개 포장부탁드립니다,1
열두시까지 갈게요,1
딥치즈버거 한개 이따 찾으러 갈게요,1
22시까지 테이크아웃 할래요,1
인크레더블버거 1개 통새우버거 2개 포장이요,1
화이트갈릭버거 1개 포장할래요,1
인크레더블버거 1개 받으러 이따 갈게요,1
인크레더블버거 1개 포장,1
통새우버거 한개 이따 받으러 갈게요!!,1
일곱시까지 가면 될까요?,1
포장하고 싶어요!!,1
20시까지 테이크아웃 가능한가요?,1
싸이버거 1개 화이트갈릭버거 2개 포장이요,1
딥치즈버거 한개 테이크아웃할게요,1
여섯시까지 테이크아웃 가능한가요?,1
21시까지 테이크아웃 가능한가요?,1
통새우버거 한개 이따 받으러 갈게요,1
화이트갈릭버거 한개 이따 찾으러 갈게요!!,1
통새우버거 1개 포장하고 싶어서요!!,1
통새우버거 한개 포장할래요!!,1
통새우버거 1개 요청,1
통새우버거 한개 이따 갈게요,1
세시까지 테이크아웃 할래요,1
인크레더블버거 1개 포장이요,1
싸이버거 한개 인크레더블버거 한개 포장이요,1
싸이버거 1개 테이크아웃 할래요!!,1
인크레더블버거 1개 이따 갈게요!!,1
싸이버거 1개 이따 갈래요!!,1
통새우버거 한개 이따 가져갈게요,1
인크레더블버거 한개 받으러 갈게요,1
딥치즈버거 한개 싸이버거 한개 포장이요,1
통새우버거 한개 포장하고 싶어서요,1
3시까지 가면 될까요?,1
화이트갈릭버거 한개 포장할건데요,1
통새우버거 1개 이따가 찾으러 갈게요,1
화이트갈릭버거 한개 받으러 갈게요,1
인크레더블버거 1개 테이크아웃 하겠습니다!!,1
인크레더블버거 1개 포장할게요!!,1
통새우버거 1개 화이트갈릭버거 2개 포장이요,1
화이트갈릭버거 한개 포장할래요!!,1
받으러 갈게요!!,1
화이트갈릭버거 1개 테이크아웃 할게요,1
인크레더블버거 한개 딥치즈버거 한개 포장이요,1
통새우버거 1개 포장,1
인크레더블버거 1개 이따가 가져갈게요,1
19시까지 테이크아웃 가능한가요?,1
8시까지 갈게요,1
화이트갈릭버거 한개 테이크아웃 할래요!!,1
싸이버거 한개 통새우버거 한개 포장이요,1
11시까지 가면 될까요?,1
24시까지 테이크아웃 할래요,1
저.. 딥치즈버거 한개 포장하고 싶은데요,1
화이트갈릭버거 1개 포장으로 선택,1
12시까지 가면 될까요?,1
딥치즈버거 1개 포장 방문할게요!!,1
싸이버거 1개 포장부탁드립니다,1
딥치즈버거 한개 이따가 가지러 갈게요,1
딥치즈버거 1개 이따 받으러 갈게요,1
일곱시까지 갈게요,1
딥치즈버거 한개 테이크아웃 할래요!!,1
딥치즈버거 1개 포장할게요,1
통새우버거 1개 테이크아웃할게요,1
싸이버거 1개 인크레더블버거 1개 포장이요,1
통새우버거 한개 주문,1
싸이버거 1개 테이크아웃 할래요,1
딥치즈버거 한개 찾으러 갈게요,1
통새우버거 1개 받으러 이따 갈게요!!,1
딥치즈버거 한개 받으러 갈게요,1
11시까지 테이크아웃 가능한가요?,1
통새우버거 1개 포장할게요!!,1
세시까지 준비해주세요,1
12시까지 테이크아웃 할래요,1
딥치즈버거 1개 이따 갈게요,1
화이트갈릭버거 한개 받으러 이따 가져갈게요,1
싸이버거 한개 포장 방문할게요!!,1
딥치즈버거 1개 싸이버거 1개 포장이요,1
여섯시까지 가면 될까요?,1
통새우버거 한개 화이트갈릭버거 두개 포장이요,1
싸이버거 1개 받으러 이따 가져갈게요!!,1
15시까지 테이크아웃 할래요,1
7시까지 갈게요,1
화이트갈릭버거 1개 인크레더블버거 1개 포장이요,1
인크레더블버거 한개 방문 포장할게요!!,1
인크레더블버거 한개 받으러 이따 가져갈게요,1
포장할게요!!,1
포장으로 선택,1
19시까지 준비해주세요,1
딥치즈버거 한개 이따 가져갈게요,1
18시까지 테이크아웃 가능한가요?,1
딥치즈버거 1개 받으러 이따 가져갈게요,1
인크레더블버거 한개 가져갈게요!!,1
싸이버거 한개 이따 가져갈게요,1
통새우버거 한개 이따가 찾으러 갈게요,1
열한시까지 갈게요,1
인크레더블버거 한개 딥치즈버거 한개 포장이요,1
인크레더블버거 1개 이따 찾으러 갈게요!!,1
통새우버거 1개 찾으러 갈게요!!,1
딥치즈버거 한개 받으러 이따 가져갈게요,1
일곱시까지 테이크아웃 가능한가요?,1
인크레더블버거 1개 방문 포장할게요!!,1
싸이버거 1개 요청,1
열시까지 가면 될까요?,1
인크레더블버거 1개 이따 가지러 갈게요,1
여섯시까지 준비해주세요,1
딥치즈버거 1개 이따가 받으러 갈게요,1
저.. 싸이버거 1개 포장하고 싶은데요,1
딥치즈버거 1개 통새우버거 2개 포장이요,1
인크레더블버거 1개 화이트갈릭버거 1개 포장이요,1
23시까지 테이크아웃 할래요,1
통새우버거 한개 이따 가지러 갈게요,1
화이트갈릭버거 한개 포장이요,1
딥치즈버거 한개 가지러 갈게요,1
싸이버거 한개 이따 받으러 갈게요,1
딥치즈버거 1개 이따 찾으러 갈게요,1
싸이버거 한개 방문 포장할게요!!,1
20시까지 테이크아웃 할래요,1
열시까지 준비해주세요,1
딥치즈버거 한개 가지러 갈게요!!,1
화이트갈릭버거 한개 이따가 받으러 갈게요,1
화이트갈릭버거 1개 이따가 가지러 갈게요,1
딥치즈버거 한개 가져갈게요!!,1
싸이버거 1개 인크레더블버거 2개 포장이요,1
여덟시까지 테이크아웃 가능한가요?,1
포장 방문할게요,1
10시까지 테이크아웃 할래요,1
4시까지 가면 될까요?,1
화이트갈릭버거 1개 이따 가져갈게요,1
15시까지 갈게요,1
싸이버거 1개 포장하고 싶어서요!!,1
싸이버거 1개 방문 포장할게요,1
다섯시까지 가면 될까요?,1
인크레더블버거 한개 받으러 이따 가져갈게요!!,1
싸이버거 한개 찾으러 갈게요,1
싸이버거 한개 이따 갈래요!!,1
포장하고 싶어서요!!,1
다섯시까지 테이크아웃 가능한가요?,1
통새우버거 1개 가지러갈래요,1
딥치즈버거 1개 인크레더블버거 1개 포장이요,1
화이트갈릭버거 한개 통새우버거 두개 포장이요,1
통새우버거 한개 인크레더블버거 한개 포장이요,1
싸이버거 1개 포장으로 선택,1
통새우버거 1개 이따가 가져갈게요,1
딥치즈버거 한개 포장할게요!!,1
24시까지 테이크아웃 가능한가요?,1
인크레더블버거 1개 화이트갈릭버거 1개 포장이요,1
딥치즈버거 한개 태이크아웃할게요,1
화이트갈릭버거 1개 방문 포장할게요,1
화이트갈릭버거 한개 방문 포장할게요,1
1시까지 준비해주세요,1
일곱시까지 테이크아웃 할래요,1
싸이버거 1개 찾으러 갈게요,1
통새우버거 1개 가져갈게요,1
16시까지 테이크아웃 가능한가요?,1
통새우버거 한개 싸이버거 두개 포장이요,1
인크레더블버거 1개 이따가 가져갈게요,1
통새우버거 한개 이따가 가지러 갈게요,1
네시까지 가면 될까요?,1
포장 방문할게요!!,1
화이트갈릭버거 1개 이따 받으러가겠습니다,1
딥치즈버거 1개 주문할게요,1
싸이버거 한개 포장,1
통새우버거 1개 가지러 갈게요!!,1
싸이버거 1개 포장할건데요,1
2시까지 테이크아웃 할래요,1
딥치즈버거 1개 이따가 찾으러 갈게요,1
싸이버거 1개 이따가 찾으러 갈게요,1
싸이버거 한개 가지러갈래요!!,1
통새우버거 1개 테이크아웃 할래요,1
딥치즈버거 한개 포장하고 싶어요!!,1
인크레더블버거 1개 받으러 갈게요!!,1
인크레더블버거 한개 화이트갈릭버거 한개 포장이요,1
인크레더블버거 한개 받으러 갈게요!!,1
딥치즈버거 한개 이따 받으러가겠습니다,1
포장 가능한가요?,1
딥치즈버거 한개 포장할게요,1
싸이버거 1개 포장,1
딥치즈버거 한개 이따 찾으러 갈게요,1
화이트갈릭버거 1개 이따가 가지러 갈게요,1
딥치즈버거 1개 포장할게요!!,1
화이트갈릭버거 1개 테이크아웃 할래요,1
인크레더블버거 한개 포장할건데요,1
싸이버거 1개 테이크아웃 하겠습니다!!,1
인크레더블버거 한개 포장할게요,1
딥치즈버거 1개 요청,1
인크레더블버거 1개 테이크아웃 할래요,1
이따 갈래요!!,1
화이트갈릭버거 1개 요청,1
딥치즈버거 1개 주문,1
통새우버거 한개 요청할게요,1
인크레더블버거 1개 태이크아웃할게요,1
인크레더블버거 한개 받으러 이따 갈게요!!,1
싸이버거 한개 이따가 가져갈게요,1
열두시까지 가면 될까요?,1
싸이버거 한개 받으러 이따 가져갈게요,1
화이트갈릭버거 한개 인크레더블버거두개 포장이요,1
화이트갈릭버거 한개 주문할게요,1
통새우버거 한개 포장으로 선택,1
인크레더블버거 한개 주문,1
6시까지 테이크아웃 가능한가요?,1
딥치즈버거 한개 이따 받으러 갈게요!!,1
통새우버거 1개 받으러 갈게요!!,1
이따 가져갈게요!!,1
인크레더블버거 한개 포장할래요!!,1
화이트갈릭버거 한개 딥치즈버거 두개 포장이요,1
화이트갈릭버거 한개 가지러 갈게요!!,1
딥치즈버거 한개 요청할게요,1
화이트갈릭버거 한개 이따가 가져갈게요,1
싸이버거 1개 통새우버거 2개 포장이요,1
통새우버거 한개 싸이버거 한개 포장이요,1
저.. 싸이버거 한개 포장하고 싶은데요,1
화이트갈릭버거 1개 통새우버거 2개 포장이요,1
싸이버거 한개 포장 방문할게요,1
딥치즈버거 1개 이따 찾으러 갈게요,1
통새우버거 1개 포장 방문할게요,1
테이크아웃 하겠습니다!!,1
화이트갈릭버거 1개 이따 갈래요!!,1
싸이버거 1개 가져갈게요!!,1
9시까지 가면 될까요?,1
싸이버거 1개 포장할게요,1
통새우버거 한개 찾으러 갈게요!!,1
화이트갈릭버거 한개 포장 방문할게요!!,1
11시까지 준비해주세요,1
싸이버거 1개 포장 방문할게요,1
통새우버거 1개 인크레더블버거 1개 포장이요,1
딥치즈버거 한개 이따 갈게요,1
딥치즈버거 1개 가져갈게요,1
싸이버거 1개 테이크아웃 하겠습니다,1
인크레더블버거 1개 가지러갈래요!!,1
18시까지 준비해주세요,1
여덟시까지 갈게요,1
이따 받으러가겠습니다,1
통새우버거 1개 이따 받으러 갈게요,1
인크레더블버거 한개 이따 받으러 갈게요,1
인크레더블버거 1개 이따가 가지러 갈게요,1
싸이버거 한개 가지러갈래요,1
딥치즈버거 한개 인크레더블버거 두개 포장이요,1
통새우버거 1개 싸이버거 1개 포장이요,1
인크레더블버거 한개 가지러 갈게요,1
싸이버거 1개 받으러 갈게요!!,1
딥치즈버거 1개 싸이버거 1개 포장이요,1
인크레더블버거 한개 가지러 갈게요!!,1
화이트갈릭버거 한개 포장 가능한가요?,1
싸이버거 한개 통새우버거 두개 포장이요,1
통새우버거 1개 가지러 갈게요,1
이따 가져갈게요,1
인크레더블버거 1개 이따가 찾으러 갈게요,1
싸이버거 한개 포장하고 싶어서요!!,1
포장하고 싶어서요,1
인크레더블버거 한개 태이크아웃할게요,1
싸이버거 1개 이따가 가져갈게요,1
이따 갈게요!!,1
포장이요!!,1
통새우버거 1개 이따 갈게요!!,1
화이트갈릭버거 1개 이따가 가져갈게요,1
여덟시까지 테이크아웃 할래요,1
한시까지 테이크아웃 할래요,1
11시까지 갈게요,1
통새우버거 1개 받으러 이따 가져갈게요,1
인크레더블버거 1개 통새우버거 1개 포장이요,1
통새우버거 1개 테이크아웃 하겠습니다!!,1
인크레더블버거 한개 이따 받으러가겠습니다,1
18시까지 갈게요,1
인크레더블버거 1개 요청,1
화이트갈릭버거 한개 이따 가져갈게요,1
통새우버거 1개 받으러 갈게요,1
화이트갈릭버거 한개 테이크아웃 하겠습니다!!,1
화이트갈릭버거 1개 이따 받으러 갈게요,1
화이트갈릭버거 1개 이따 찾으러 갈게요,1
통새우버거 1개 포장이요,1
인크레더블버거 1개 싸이버거 1개 포장이요,1
통새우버거 한개 이따가 가져갈게요,1
딥치즈버거 1개 이따가 찾으러 갈게요,1
통새우버거 한개 포장할게요,1
화이트갈릭버거 한개 이따 가지러 갈게요,1
딥치즈버거 한개 이따 찾으러 갈게요!!,1
화이트갈릭버거 1개 받으러 갈게요,1
통새우버거 1개 싸이버거 2개 포장이요,1
싸이버거 한개 포장하겠습니다,1
통새우버거 1개 딥치즈버거 2개 포장이요,1
인크레더블버거 1개 이따가 받으러 갈게요,1
세시까지 갈게요,1
딥치즈버거 1개 포장이요,1
화이트갈릭버거 1개 가지러갈래요,1
싸이버거 한개 포장이요!!,1
인크레더블버거 1개 받으러 이따 가져갈게요!!,1
통새우버거 1개 이따가 받으러 갈게요,1
통새우버거 한개 테이크아웃 하겠습니다,1
21시까지 갈게요,1
여섯시까지 갈게요,1
통새우버거 한개 포장해주세요,1
이따가 가져갈게요,1
17시까지 가면 될까요?,1
싸이버거 1개 이따 받으러가겠습니다,1
포장이요,1
딥치즈버거 한개 가져갈게요,1
통새우버거 한개 이따 찾으러 갈게요,1
통새우버거 1개 가지러갈래요!!,1
인크레더블버거 1개 포장이요!!,1
통새우버거 한개 테이크아웃 할래요,1
화이트갈릭버거 1개 포장 방문할게요!!,1
딥치즈버거 한개 주문할게요,1
15시까지 테이크아웃 가능한가요?,1
포장할건데요,1
화이트갈릭버거 한개 테이크아웃할게요,1
인크레더블버거 1개 요청할게요,1
10시까지 갈게요,1
딥치즈버거 한개 포장할래요!!,1
인크레더블버거 한개 포장부탁드립니다,1
인크레더블버거 한개 테이크아웃할게요,1
싸이버거 1개 받으러 이따 가져갈게요,1
14시까지 가면 될까요?,1
딥치즈버거 한개 이따가 가져갈게요,1
딥치즈버거 한개 이따 받으러 갈게요,1
화이트갈릭버거 한개 테이크아웃 할게요,1
딥치즈버거 한개 포장하고 싶어서요!!,1
싸이버거 1개 포장하고 싶어요!!,1
인크레더블버거 한개 딥치즈버거 두개 포장이요,1
화이트갈릭버거 한개 포장해주세요,1
인크레더블버거 1개 포장으로 선택,1
열시까지 테이크아웃 가능한가요?,1
화이트갈릭버거 1개 테이크아웃 하겠습니다,1
7시까지 가면 될까요?,1
통새우버거 한개 포장 가능한가요?,1
싸이버거 한개 이따 받으러가겠습니다,1
싸이버거 한개 화이트갈릭버거 한개 포장이요,1
화이트갈릭버거 1개 테이크아웃 할래요!!,1
통새우버거 한개 이따가 가져갈게요,1
통새우버거 1개 방문 포장할게요!!,1
싸이버거 1개 요청할게요,1
통새우버거 한개 딥치즈버거 두개 포장이요,1
싸이버거 1개 주문할게요,1
인크레더블버거 1개 테이크아웃할게요,1
포장할게요,1
딥치즈버거 1개 화이트갈릭버거 2개 포장이요,1
화이트갈릭버거 한개 포장 방문할게요,1
싸이버거 1개 테이크아웃 할게요,1
화이트갈릭버거 1개 포장할게요,1
12시까지 준비해주세요,1
화이트갈릭버거 한개 이따가 받으러 갈게요,1
싸이버거 한개 이따가 가지러 갈게요,1
통새우버거 한개 받으러 갈게요,1
인크레더블버거 1개 이따 받으러 갈게요!!,1
싸이버거 한개 포장할건데요,1
인크레더블버거 1개 싸이버거2개 포장이요,1
통새우버거 한개 가져갈게요,1
싸이버거 1개 포장할게요!!,1
싸이버거 한개 포장할래요,1
딥치즈버거 한개 포장할건데요,1
통새우버거 1개 이따 찾으러 갈게요,1
싸이버거 1개 이따가 가져갈게요,1
인크레더블버거 한개 테이크아웃 하겠습니다,1
딥치즈버거 한개 포장이요,1
10시까지 테이크아웃 가능한가요?,1
통새우버거 1개 이따 받으러 갈게요!!,1
싸이버거 1개 포장할게요,1
딥치즈버거 한개 포장 가능한가요?,1
7시까지 테이크아웃 할래요,1
싸이버거 1개 화이트갈릭버거 1개 포장이요,1
통새우버거 한개 포장부탁드립니다,1
싸이버거 한개 방문 포장할게요,1
화이트갈릭버거 1개 딥치즈버거 2개 포장이요,1
16시까지 준비해주세요,1
인크레더블버거 1개 테이크아웃 할래요!!,1
딥치즈버거 1개 포장해주세요,1
딥치즈버거 한개 싸이버거 두개 포장이요,1
24시까지 준비해주세요,1
세시까지 테이크아웃 가능한가요?,1
통새우버거 한개 받으러 이따 갈게요,1
딥치즈버거 한개 주문,1
통새우버거 한개 포장,1
화이트갈릭버거 1개 태이크아웃할게요,1
딥치즈버거 한개 찾으러 갈게요!!,1
13시까지 갈게요,1
화이트갈릭버거 한개 테이크아웃 하겠습니다,1
화이트갈릭버거 1개 이따가 받으러 갈게요,1
4시까지 준비해주세요,1
이따가 가져갈게요,1
24시까지 갈게요,1
딥치즈버거 한개 이따 갈래요,1
싸이버거 1개 포장,1
가지러갈래요!!,1
인크레더블버거 1개 딥치즈버거 2개 포장이요,1
딥치즈버거 1개 포장할래요,1
딥치즈버거 1개 받으러 갈게요!!,1
싸이버거 한개 포장 가능한가요?,1
싸이버거 1개 통새우버거 1개 포장이요,1
화이트갈릭버거 1개 가져갈게요,1
열두시까지 준비해주세요,1
통새우버거 1개 가져갈게요!!,1
싸이버거 1개 이따가 가지러 갈게요,1
싸이버거 한개 통새우버거 한개 포장이요,1
화이트갈릭버거 한개 이따가 가지러 갈게요,1
인크레더블버거 1개 포장할게요,1
이따 받으러 갈게요!!,1
딥치즈버거 한개 포장,1
통새우버거 1개 포장할게요,1
싸이버거 1개 인크레더블버거 1개 포장이요,1
화이트갈릭버거 1개 이따 받으러 갈게요,1
19시까지 테이크아웃 할래요,1
통새우버거 한개 테이크아웃 하겠습니다!!,1
싸이버거 한개 가지러 갈게요,1
화이트갈릭버거 한개 이따 받으러가겠습니다,1
통새우버거 한개 이따 받으러 갈게요,1
통새우버거 한개 테이크아웃 할게요,1
인크레더블버거 한개 가져갈게요,1
4시까지 테이크아웃 할래요,1
싸이버거 한개 포장이요,1
딥치즈버거 한개 가지러갈래요!!,1
딥치즈버거 1개 인크레더블버거 2개 포장이요,1
싸이버거 한개 포장할게요!!,1
싸이버거 한개 포장해주세요,1
통새우버거 한개 이따가 가지러 갈게요,1
딥치즈버거 1개 포장하겠습니다,1
화이트갈릭버거 1개 싸이버거 1개 포장이요,1
싸이버거 한개 받으러 이따 갈게요,1
인크레더블버거 한개 화이트갈릭버거 한개 포장이요,1
딥치즈버거 1개 이따 받으러 갈게요,1
통새우버거 1개 이따가 가져갈게요,1
22시까지 테이크아웃 가능한가요?,1
화이트갈릭버거 한개 이따가 가져갈게요,1
화이트갈릭버거 1개 받으러 이따 가져갈게요,1
23시까지 가면 될까요?,1
싸이버거 한개 딥치즈버거 한개 포장이요,1
인크레더블버거 1개 이따 갈래요,1
6시까지 테이크아웃 할래요,1
화이트갈릭버거 1개 포장이요,1
인크레더블버거 1개 포장할래요!!,1
화이트갈릭버거 한개 포장할게요!!,1
통새우버거 한개 포장할게요,1
인크레더블버거 한개 포장으로 선택,1
싸이버거 1개 가지러갈래요,1
열시까지 테이크아웃 할래요,1
통새우버거 1개 찾으러 갈게요,1
화이트갈릭버거 한개 가져갈게요,1
인크레더블버거 한개 이따 찾으러 갈게요,1
싸이버거 한개 이따 가지러 갈게요,1
싸이버거 한개 요청,1
싸이버거 1개 주문할게요,1
화이트갈릭버거 한개 받으러 이따 갈게요!!,1
싸이버거 한개 받으러 갈게요,1
9시까지 테이크아웃 할래요,1
딥치즈버거 1개 포장 가능한가요?,1
저.. 포장하고 싶은데요,1
가지러갈래요,1
딥치즈버거 1개 포장하고 싶어서요,1
저.. 딥치즈버거 1개 포장하고 싶은데요,1
인크레더블버거 한개 통새우버거 한개 포장이요,1
통새우버거 1개 포장하고 싶어요!!,1
인크레더블버거 1개 포장하고 싶어요,1
인크레더블버거 1개 이따가 찾으러 갈게요,1
통새우버거 1개 받으러 이따 가져갈게요!!,1
싸이버거 한개 받으러 이따 가져갈게요!!,1
2시까지 준비해주세요,1
이따가 찾으러 갈게요,1
14시까지 테이크아웃 할래요,1
딥치즈버거 1개 이따 갈게요!!,1
통새우버거 1개 포장해주세요,1
통새우버거 1개 이따가 가지러 갈게요,1
화이트갈릭버거 한개 포장하고 싶어서요!!,1
인크레더블버거 1개 찾으러 갈게요,1
화이트갈릭버거 1개 이따 받으러 갈게요!!,1
21시까지 가면 될까요?,1
통새우버거 1개 이따가 가지러 갈게요,1
딥치즈버거 1개 받으러 갈게요,1
통새우버거 한개 이따 받으러가겠습니다,1
8시까지 준비해주세요,1
통새우버거 1개 포장할건데요,1
화이트갈릭버거 한개 포장부탁드립니다,1
화이트갈릭버거 한개 싸이버거 한개 포장이요,1
인크레더블버거 한개 이따가 찾으러 갈게요,1
딥치즈버거 1개 테이크아웃 할래요,1
화이트갈릭버거 1개 포장하고 싶어서요!!,1
열두시까지 테이크아웃 가능한가요?,1
인크레더블버거 한개 테이크아웃 하겠습니다!!,1
아홉까지 테이크아웃 가능한가요?,1
딥치즈버거 1개 화이트갈릭버거 1개 포장이요,1
싸이버거 1개 포장해주세요,1
싸이버거 1개 가지러 갈게요,1
22시까지 가면 될까요?,1
싸이버거 한개 테이크아웃 하겠습니다!!,1
딥치즈버거 1개 인크레더블버거 1개 포장이요,1
포장할래요,1
인크레더블버거 한개 싸이버거 한개 포장이요,1
딥치즈버거 한개 통새우버거 한개 포장이요,1
열시까지 갈게요,1
통새우버거 한개 포장하고 싶어요!!,1
화이트갈릭버거 1개 이따가 찾으러 갈게요,1
화이트갈릭버거 1개 딥치즈버거 1개 포장이요,1
싸이버거 한개 태이크아웃할게요,1
인크레더블버거 1개 이따 찾으러 갈게요,1
두시까지 테이크아웃 가능한가요?,1
딥치즈버거 1개 가지러 갈게요,1
인크레더블버거 한개 포장할래요,1
가지러 갈게요,1
통새우버거 한개 요청,1
찾으러 갈게요!!,1
3시까지 준비해주세요,1
통새우버거 한개 포장하고 싶어서요!!,1
인크레더블버거 한개 싸이버거두개 포장이요,1
통새우버거 한개 화이트갈릭버거 한개 포장이요,1
9시까지 준비해주세요,1
이따가 가지러 갈게요,1
인크레더블버거 1개 이따 받으러 갈게요,1
싸이버거 1개 포장하고 싶어요,1
싸이버거 1개 주문,1
딥치즈버거 한개 포장하고 싶어서요,1
화이트갈릭버거 한개 이따 찾으러 갈게요,1
딥치즈버거 1개 테이크아웃할게요,1
인크레더블버거 한개 이따 찾으러 갈게요!!,1
화이트갈릭버거 1개 포장하고 싶어서요,1
네시까지 갈게요,1
인크레더블버거 1개 받으러 이따 가져갈게요,1
화이트갈릭버거 1개 받으러 이따 갈게요!!,1
여섯시까지 테이크아웃 할래요,1
화이트갈릭버거 한개 딥치즈버거 한개 포장이요,1
이따 갈래요,1
인크레더블버거 1개 이따 갈래요!!,1
인크레더블버거 한개 방문 포장할게요,1
12시까지 갈게요,1
싸이버거 1개 주문,1
인크레더블버거 1개 포장 방문할게요!!,1
화이트갈릭버거 한개 가져갈게요!!,1
인크레더블버거 한개 가지러갈래요,1
테이크아웃 할래요,1
화이트갈릭버거 1개 이따가 가져갈게요,1
화이트갈릭버거 한개 통새우버거 한개 포장이요,1
딥치즈버거 한개 가지러갈래요,1
13시까지 가면 될까요?,1
통새우버거 한개 인크레더블버거 한개 포장이요,1
딥치즈버거 한개 인크레더블버거 한개 포장이요,1
딥치즈버거 1개 포장할건데요,1
화이트갈릭버거 한개 이따 받으러 갈게요!!,1
15시까지 준비해주세요,1
딥치즈버거 1개 이따 가져갈게요,1
화이트갈릭버거 1개 찾으러 갈게요!!,1
딥치즈버거 1개 이따 갈래요,1
딥치즈버거 1개 받으러 이따 갈게요!!,1
화이트갈릭버거 1개 포장 가능한가요?,1
딥치즈버거 1개 방문 포장할게요,1
딥치즈버거 1개 방문 포장할게요!!,1
화이트갈릭버거 한개 이따 갈래요!!,1
인크레더블버거 한개 이따 갈게요,1
통새우버거 1개 요청할게요,1
싸이버거 1개 방문 포장할게요!!,1
2시까지 갈게요,1
화이트갈릭버거 1개 포장,1
통새우버거 한개 가져갈게요!!,1
딥치즈버거 1개 이따가 가지러 갈게요,1
통새우버거 한개 방문 포장할게요,1
네시까지 준비해주세요,1
인크레더블버거 한개 찾으러 갈게요,1
싸이버거 한개 테이크아웃 하겠습니다,1
열한시까지 준비해주세요,1
딥치즈버거 한개 이따 받으러 갈게요,1
인크레더블버거 한개 이따가 찾으러 갈게요,1
화이트갈릭버거 1개 포장할게요,1
화이트갈릭버거 한개 포장하고 싶어서요,1
싸이버거 1개 테이크아웃할게요,1
싸이버거 한개 테이크아웃할게요,1
화이트갈릭버거 1개 요청할게요,1
화이트갈릭버거 1개 포장이요!!,1
인크레더블버거 1개 가지러갈래요,1
20시까지 가면 될까요?,1
싸이버거 한개 주문할게요,1
통새우버거 한개 포장 방문할게요!!,1
싸이버거 1개 이따 받으러 갈게요,1
싸이버거 1개 이따가 찾으러 갈게요,1
딥치즈버거 한개 포장부탁드립니다,1
인크레더블버거 한개 포장이요,1
18시까지 가면 될까요?,1
딥치즈버거 1개 테이크아웃 하겠습니다,1
인크레더블버거 1개 받으러 이따 갈게요!!,1
화이트갈릭버거 한개 받으러 이따 갈게요,1
딥치즈버거 1개 이따가 가지러 갈게요,1
인크레더블버거 한개 이따 가지러 갈게요,1
딥치즈버거 한개 통새우버거 두개 포장이요,1
인크레더블버거 1개 포장할래요,1
화이트갈릭버거 한개 요청,1
화이트갈릭버거 1개 이따 가지러 갈게요,1
24시까지 가면 될까요?,1
통새우버거 한개 받으러 갈게요!!,1
화이트갈릭버거 1개 포장해주세요,1
화이트갈릭버거 1개 이따 갈게요,1
딥치즈버거 1개 이따 받으러가겠습니다,1
싸이버거 한개 주문,1
이따가 가지러 갈게요,1
통새우버거 1개 테이크아웃 할게요,1
인크레더블버거 한개 이따 갈래요!!,1
인크레더블버거 한개 포장할게요!!,1
싸이버거 1개 이따 찾으러 갈게요,1
포장하겠습니다,1
딥치즈버거 한개 테이크아웃 하겠습니다,1
화이트갈릭버거 1개 이따 갈래요,1
딥치즈버거 1개 이따가 받으러 갈게요,1
싸이버거 1개 요청할게요,1
9시까지 테이크아웃 가능한가요?,1
통새우버거 한개 가지러 갈게요!!,1
싸이버거 한개 포장할래요!!,1
화이트갈릭버거 한개 인크레더블버거 한개 포장이요,1
받으러 갈게요,1
아홉까지 가면 될까요?,1
일곱시까지 준비해주세요,1
인크레더블버거 한개 가지러갈래요!!,1
인크레더블버거 한개 요청,1
인크레더블버거 한개 찾으러 갈게요!!,1
저.. 화이트갈릭버거 1개 포장하고 싶은데요,1
딥치즈버거 1개 받으러 이따 가져갈게요!!,1
화이트갈릭버거 1개 포장하겠습니다,1
싸이버거 1개 포장이요,1
화이트갈릭버거 한개 싸이버거 한개 포장이요,1
딥치즈버거 한개 테이크아웃 할게요,1
인크레더블버거 한개 이따 받으러 갈게요!!,1
화이트갈릭버거 한개 이따 받으러 갈게요,1
딥치즈버거 1개 테이크아웃 할래요!!,1
화이트갈릭버거 한개 이따 갈래요,1
싸이버거 1개 받으러 갈게요,1
화이트갈릭버거 1개 포장할건데요,1
이따 받으러 갈게요,1
이따 찾으러 갈게요,1
인크레더블버거 한개 화이트갈릭버거 두개 포장이요,1
인크레더블버거 한개 이따가 가지러 갈게요,1
딥치즈버거 한개 포장해주세요,1
포장부탁드립니다,1
화이트갈릭버거 1개 포장부탁드립니다,1
싸이버거 1개 이따 갈게요,1
7시까지 준비해주세요,1
통새우버거 1개 이따가 받으러 갈게요,1
2시까지 테이크아웃 가능한가요?,1
딥치즈버거 1개 가지러 갈게요!!,1
화이트갈릭버거 1개 테이크아웃할게요,1
딥치즈버거 한개 받으러 이따 갈게요!!,1
딥치즈버거 한개 이따가 가져갈게요,1
싸이버거 한개 이따가 가지러 갈게요,1
화이트갈릭버거 1개 인크레더블버거2개 포장이요,1
싸이버거 1개 포장이요!!,1
통새우버거 한개 포장이요,1
저.. 인크레더블버거 1개 포장하고 싶은데요,1
인크레더블버거 한개 포장하고 싶어서요!!,1
15시까지 가면 될까요?,1
딥치즈버거 1개 화이트갈릭버거 1개 포장이요,1
이따 가져갈게요,1
딥치즈버거 1개 받으러 이따 갈게요,1
딥치즈버거 1개 이따 갈래요!!,1
인크레더블버거 한개 포장,1
통새우버거 1개 화이트갈릭버거 1개 포장이요,1
싸이버거 한개 포장하고 싶어서요,1
싸이버거 1개 이따가 가지러 갈게요,1
포장할래요!!,1
화이트갈릭버거 한개 포장할게요,1
5시까지 테이크아웃 가능한가요?,1
딥치즈버거 한개 싸이버거 한개 포장이요,1
싸이버거 1개 딥치즈버거 1개 포장이요,1
통새우버거 한개 방문 포장할게요!!,1
딥치즈버거 1개 포장 방문할게요,1
통새우버거 한개 딥치즈버거 한개 포장이요,1
13시까지 준비해주세요,1
화이트갈릭버거 한개 받으러 갈게요!!,1
싸이버거 1개 포장 가능한가요?,1
딥치즈버거 1개 통새우버거 1개 포장이요,1
딥치즈버거 1개 이따가 가져갈게요,1
17시까지 준비해주세요,1
화이트갈릭버거 한개 찾으러 갈게요!!,1
1시까지 갈게요,1
인크레더블버거 한개 이따 찾으러 갈게요,1
통새우버거 1개 이따 가져갈게요,1
화이트갈릭버거 한개 방문 포장할게요!!,1
인크레더블버거 한개 이따가 가져갈게요,1
5시까지 테이크아웃 할래요,1
화이트갈릭버거 1개 이따 갈게요!!,1
저.. 통새우버거 1개 포장하고 싶은데요,1
인크레더블버거 한개 테이크아웃 할게요,1
싸이버거 한개 요청할게요,1
싸이버거 한개 이따가 찾으러 갈게요,1
이따 찾으러 갈게요,1
싸이버거 한개 딥치즈버거두개 포장이요,1
인크레더블버거 1개 이따 갈게요,1
10시까지 가면 될까요?,1
싸이버거 1개 이따 받으러 갈게요,1
화이트갈릭버거 한개 이따가 가지러 갈게요,1
화이트갈릭버거 한개 포장하고 싶어요!!,1
싸이버거 1개 이따가 받으러 갈게요,1
인크레더블버거 한개 받으러 이따 갈게요,1
다섯시까지 테이크아웃 할래요,1
열한시까지 가면 될까요?,1
통새우버거 한개 태이크아웃할게요,1
싸이버거 1개 이따 가져갈게요,1
한시까지 가면 될까요?,1
19시까지 가면 될까요?,1
19시까지 갈게요,1
싸이버거 한개 테이크아웃 할래요!!,1
이따가 받으러 갈게요,1
싸이버거 1개 이따 찾으러 갈게요,1
딥치즈버거 1개 포장할래요!!,1
싸이버거 1개 태이크아웃할게요,1
통새우버거 한개 이따 갈래요,1
화이트갈릭버거 1개 포장할게요!!,1
3시까지 테이크아웃 할래요,1
딥치즈버거 1개 태이크아웃할게요,1
11시까지 테이크아웃 할래요,1
통새우버거 1개 포장하고 싶어서요,1
싸이버거 1개 받으러 이따 갈게요!!,1
싸이버거 한개 찾으러 갈게요!!,1
싸이버거 한개 받으러 갈게요!!,1
두시까지 가면 될까요?,1
싸이버거 한개 포장부탁드립니다,1
화이트갈릭버거 한개 이따 갈게요,1
통새우버거 1개 이따 받으러 갈게요,1
싸이버거 한개 이따 갈게요!!,1
딥치즈버거 한개 받으러 갈게요!!,1
인크레더블버거 1개 주문,1
싸이버거 1개 찾으러 갈게요!!,1
딥치즈버거 한개 통새우버거 한개 포장이요,1
화이트갈릭버거 1개 통새우버거 1개 포장이요,1
화이트갈릭버거 1개 받으러 이따 갈게요,1
인크레더블버거 한개 이따 갈래요,1
통새우버거 1개 포장 방문할게요!!,1
통새우버거 1개 이따 찾으러 갈게요,1
통새우버거 1개 이따 갈래요,1
14시까지 갈게요,1
인크레더블버거 한개 이따 받으러 갈게요,1
통새우버거 한개 포장 방문할게요,1
화이트갈릭버거 1개 인크레더블버거 1개 포장이요,1
5시까지 갈게요,1
화이트갈릭버거 한개 싸이버거 두개 포장이요,1
싸이버거 1개 이따 갈래요,1
인크레더블버거 1개 포장하고 싶어요!!,1
세시까지 가면 될까요?,1
가져갈게요!!,1
통새우버거 한개 이따 찾으러 갈게요!!,1
인크레더블버거 1개 받으러 갈게요,1
통새우버거 1개 이따 갈게요,1
싸이버거 한개 이따가 받으러 갈게요,1
싸이버거 1개 가져갈게요,1
7시까지 테이크아웃 가능한가요?,1
화이트갈릭버거 1개 가지러 갈게요,1
딥치즈버거 한개 포장으로 선택,1
8시까지 테이크아웃 가능한가요?,1
인크레더블버거 한개 테이크아웃 할래요,1
6시까지 준비해주세요,1
한시까지 테이크아웃 가능한가요?,1
통새우버거 1개 테이크아웃 하겠습니다,1
인크레더블버거 한개 주문할게요,1
화이트갈릭버거 한개 이따가 찾으러 갈게요,1
통새우버거 한개 포장할건데요,1
화이트갈릭버거 한개 딥치즈버거 한개 포장이요,1
딥치즈버거 한개 이따가 받으러 갈게요,1
딥치즈버거 한개 화이트갈릭버거 한개 포장이요,1
통새우버거 한개 테이크아웃 할래요!!,1
인크레더블버거 1개 포장할게요,1
이따가 찾으러 갈게요,1
딥치즈버거 한개 포장하겠습니다,1
통새우버거 1개 방문 포장할게요,1
딥치즈버거 한개 방문 포장할게요!!,1
통새우버거 1개 이따 받으러가겠습니다,1
딥치즈버거 1개 테이크아웃 할게요,1
싸이버거 한개 이따 찾으러 갈게요,1
싸이버거 한개 포장할게요,1
인크레더블버거 1개 포장 방문할게요,1
인크레더블버거 1개 싸이버거 1개 포장이요,1
방문 포장할게요,1
8시까지 가면 될까요?,1
열두시까지 테이크아웃 할래요,1
싸이버거 한개 포장하고 싶어요!!,1
인크레더블버거 1개 가져갈게요,1
딥치즈버거 1개 포장할게요,1
23시까지 테이크아웃 가능한가요?,1
이따 갈게요,1
태이크아웃할게요,1
인크레더블버거 1개 이따가 가지러 갈게요,1
싸이버거 1개 배달해주세요,2
싸이버거 1개 배달 주문,2
싸이버거 1개 배달 주문이요,2
싸이버거 1개 배달해 주십쇼,2
싸이버거 1개 배달 가능한가요,2
싸이버거 1개 배달부탁 드립니다.,2
싸이버거 1개 배달이요,2
싸이버거 1개 배달 주문 하고싶어요,2
싸이버거 배달해주세요,2
싸이버거 배달 주문,2
싸이버거 배달 주문이요,2
싸이버거 배달해 주십쇼,2
싸이버거 배달 가능한가요,2
싸이버거 배달부탁 드립니다.,2
싸이버거 배달이요,2
싸이버거 배달 주문 하고싶어요,2
딥치즈버거 1개 배달해주세요,2
딥치즈버거 1개 배달 주문,2
딥치즈버거 1개 배달 주문이요,2
딥치즈버거 1개 배달해 주십쇼,2
딥치즈버거 1개 배달 가능한가요,2
딥치즈버거 1개 배달부탁 드립니다.,2
딥치즈버거 1개 배달이요,2
딥치즈버거 1개 배달 주문 하고싶어요,2
딥치즈버거 배달해주세요,2
딥치즈버거 배달 주문,2
딥치즈버거 배달 주문이요,2
딥치즈버거 배달해 주십쇼,2
딥치즈버거 배달 가능한가요,2
딥치즈버거 배달부탁 드립니다.,2
딥치즈버거 배달이요,2
딥치즈버거 배달 주문 하고싶어요,2
배달해주세요,2
배달해주십쇼,2
배달 가능한가요,2
1개 보내주세요,2
1개 빨리 배달해주세요,2
빨리 배달가능한가요,2
배달이요 빨리좀 부탁드려요,2
배달시키는데 괜찮은가요,2
배달되요?,2
지금 배달해주세요,2
배달 조심히 와주세요,2
배달 빨리 부탁드립니다.,2
배달 해주세요 근데 언제쯤 도착하나요?,2
배달 보내주세요 언제도착해요?,2
배달빨리빨리 보내주세요!!,2
배달 시키고싶은데 괜찮은가요?,2
배달 부탁드려요 싸이버거로,2
배달 부탁드려요 싸이버거 1개,2
화이트갈릭버거 하나 가져다 주세요,2
화이트갈릭버거 하나 보내주세요,2
화이트갈릭버거 하나 배달해주세요,2
화이트갈릭버거 1개 배달주문이요,2
배달 싸이버거2개 보내주세요,2
배달인데요 싸이버거 보내주세요,2
배달주문 할건데요 싸이버거 되나요,2
배달주문이요 싸이버거 한 개 보내주세요,2
배달주문할건데 딥치즈버거 가능한가요,2
배달해주세요,2
배달로 싸이버거 1개 보내주세요,2
배달로 화이트갈릭버거 빨리 보내주세요,2
화이트갈릭버거 1개 배달해주시고 빨리와주세요,2
딥치즈버거 하나 배달해주세요,2
딥치즈버거 보내주세요.,2
딥치즈버거 1개 보내주세요,2
딥치즈버거 빨리좀 보내주세요,2
딥치즈버거 빨리좀 배달해주세요.,2
딥치즈버거 배달 가능한가요,2
딥치즈버거 1개 배달 주문할게요,2
딥치즈버거 배달 주문할게요,2
딥치즈버거 1개 배달해주세요 조심히오세요,2
딥치즈버거 배달해주세요 조심히오세요,2
딥치즈버거 안전하게 하나 배달해 주세요,2
화이트갈릭버거 1개 배달해주세요,2
화이트갈릭버거 1개 배달 주문,2
화이트갈릭버거 1개 배달 주문이요,2
화이트갈릭버거 1개 배달해 주십쇼,2
화이트갈릭버거 1개 배달 가능한가요,2
화이트갈릭버거 1개 배달부탁 드립니다.,2
화이트갈릭버거 1개 배달이요,2
화이트갈릭버거 1개 배달 주문 하고싶어요,2
화이트갈릭버거 배달해주세요,2
화이트갈릭버거 배달 주문,2
화이트갈릭버거 배달 주문이요,2
화이트갈릭버거 배달해 주십쇼,2
화이트갈릭버거 배달 가능한가요,2
화이트갈릭버거 배달부탁 드립니다.,2
화이트갈릭버거 배달이요,2
화이트갈릭버거 배달 주문 하고싶어요,2
화이트갈릭버거 하나 배달해주세요,2
화이트갈릭버거 보내주세요.,2
화이트갈릭버거 1개 보내주세요,2
화이트갈릭버거 빨리좀 보내주세요,2
화이트갈릭버거 빨리좀 배달해주세요.,2
화이트갈릭버거 배달 가능한가요,2
화이트갈릭버거 1개 배달 주문할게요,2
화이트갈릭버거 배달 주문할게요,2
화이트갈릭버거 1개 배달해주세요 조심히오세요,2
화이트갈릭버거 배달해주세요 조심히오세요,2
화이트갈릭버거 안전하게 하나 배달해 주세요,2
통새우버거 1개 배달해주세요,2
통새우버거 1개 배달 주문,2
통새우버거 1개 배달 주문이요,2
통새우버거 1개 배달해 주십쇼,2
통새우버거 1개 배달 가능한가요,2
통새우버거 1개 배달부탁 드립니다.,2
통새우버거 1개 배달이요,2
통새우버거 1개 배달 주문 하고싶어요,2
통새우버거 배달해주세요,2
통새우버거 배달 주문,2
통새우버거 배달 주문이요,2
통새우버거 배달해 주십쇼,2
통새우버거 배달 가능한가요,2
통새우버거 배달부탁 드립니다.,2
통새우버거 배달이요,2
통새우버거 배달 주문 하고싶어요,2
통새우버거 하나 배달해주세요,2
통새우버거 보내주세요.,2
통새우버거 1개 보내주세요,2
통새우버거 빨리좀 보내주세요,2
통새우버거 빨리좀 배달해주세요.,2
통새우버거 배달 가능한가요,2
통새우버거 1개 배달 주문할게요,2
통새우버거 배달 주문할게요,2
통새우버거 1개 배달해주세요 조심히오세요,2
통새우버거 배달해주세요 조심히오세요,2
통새우버거 안전하게 하나 배달해 주세요,2
인크레더블버거 1개 배달해주세요,2
인크레더블버거 1개 배달 주문,2
인크레더블버거 1개 배달 주문이요,2
인크레더블버거 1개 배달해 주십쇼,2
인크레더블버거 1개 배달 가능한가요,2
인크레더블버거 1개 배달부탁 드립니다.,2
인크레더블버거 1개 배달이요,2
인크레더블버거 1개 배달 주문 하고싶어요,2
인크레더블버거 배달해주세요,2
인크레더블버거 배달 주문,2
인크레더블버거 배달 주문이요,2
인크레더블버거 배달해 주십쇼,2
인크레더블버거 배달 가능한가요,2
인크레더블버거 배달부탁 드립니다.,2
인크레더블버거 배달이요,2
인크레더블버거 배달 주문 하고싶어요,2
인크레더블버거 하나 배달해주세요,2
인크레더블버거 보내주세요.,2
인크레더블버거 1개 보내주세요,2
인크레더블버거 빨리좀 보내주세요,2
인크레더블버거 빨리좀 배달해주세요.,2
인크레더블버거 배달 가능한가요,2
인크레더블버거 1개 배달 주문할게요,2
인크레더블버거 배달 주문할게요,2
인크레더블버거 1개 배달해주세요 조심히오세요,2
인크레더블버거 배달해주세요 조심히오세요,2
인크레더블버거 안전하게 하나 배달해 주세요,2
햄버거 1개 배달해주세요,2
햄버거 1개 배달 주문,2
햄버거 1개 배달 주문이요,2
햄버거 1개 배달해 주십쇼,2
햄버거 1개 배달 가능한가요,2
햄버거 1개 배달부탁 드립니다.,2
햄버거 1개 배달이요,2
햄버거 1개 배달 주문 하고싶어요,2
햄버거 배달해주세요,2
햄버거 배달 주문,2
햄버거 배달 주문이요,2
햄버거 배달해 주십쇼,2
햄버거 배달 가능한가요,2
햄버거 배달부탁 드립니다.,2
햄버거 배달이요,2
햄버거 배달 주문 하고싶어요,2
햄버거 하나 배달해주세요,2
햄버거 보내주세요.,2
햄버거 1개 보내주세요,2
햄버거 빨리좀 보내주세요,2
햄버거 빨리좀 배달해주세요.,2
햄버거 배달 가능한가요,2
햄버거 1개 배달 주문할게요,2
햄버거 배달 주문할게요,2
햄버거 1개 배달해주세요 조심히오세요,2
햄버거 배달해주세요 조심히오세요,2
햄버거 안전하게 하나 배달해 주세요,2
 1개 배달해주세요,2
 1개 배달 주문,2
 1개 배달 주문이요,2
 1개 배달해 주십쇼,2
 1개 배달 가능한가요,2
 1개 배달부탁 드립니다.,2
 1개 배달이요,2
 1개 배달 주문 하고싶어요,2
 배달해주세요,2
 배달 주문,2
 배달 주문이요,2
 배달해 주십쇼,2
 배달 가능한가요,2
 배달부탁 드립니다.,2
 배달이요,2
 배달 주문 하고싶어요,2
 하나 배달해주세요,2
 보내주세요.,2
 1개 보내주세요,2
 빨리좀 보내주세요,2
 빨리좀 배달해주세요.,2
 배달 가능한가요,2
 1개 배달 주문할게요,2
 배달 주문할게요,2
 1개 배달해주세요 조심히오세요,2
 배달해주세요 조심히오세요,2
 안전하게 하나 배달해 주세요,2
여기 딥치즈버거 하나 보내주세요,2
배달해주세요 딥치즈버거 한 개,2
배달해주세요 딥치즈버거 1개,2
배달부탁드려요 딥치즈버거 1개요,2
배달해주세요 딥치즈버거 1개 보내주세요,2
배달 딥치즈버거 1개,2
배달주문 딥치즈버거 1개,2
배달부탁 딥치즈버거 1개,2
배달 빨리좀요 딥치즈버거 1개,2
배달 빨리보내주세요 딥치즈버거 1개 ,2
배달 지금 되죠? 딥치즈버거 1개 보내주세요,2
배달 가능하죠? 딥치즈버거 1개 보내주세요,2
배달 빨리 가능한가요? 딥치즈버거 1개 보내주세요,2
배달 지금 되죠? 딥치즈버거 1개 배달해주세요,2
배달 가능하죠? 딥치즈버거 1개 배달해주세요,2
배달 빨리 가능한가요? 딥치즈버거 1개 배달해주세요,2
여기 싸이버거 하나 보내주세요,2
배달해주세요 싸이버거 한 개,2
배달해주세요 싸이버거 1개,2
배달부탁드려요 싸이버거 1개요,2
배달해주세요 싸이버거 1개 보내주세요,2
배달 싸이버거 1개,2
배달주문 싸이버거 1개,2
배달부탁 싸이버거 1개,2
배달 빨리좀요 싸이버거 1개,2
배달 빨리보내주세요 싸이버거 1개 ,2
배달 지금 되죠? 싸이버거 1개 보내주세요,2
배달 가능하죠? 싸이버거 1개 보내주세요,2
배달 빨리 가능한가요? 싸이버거 1개 보내주세요,2
배달 지금 되죠? 싸이버거 1개 배달해주세요,2
배달 가능하죠? 싸이버거 1개 배달해주세요,2
배달 빨리 가능한가요? 싸이버거 1개 배달해주세요,2
여기 인크레더블버거 하나 보내주세요,2
배달해주세요 인크레더블버거 한 개,2
배달해주세요 인크레더블버거 1개,2
배달부탁드려요 인크레더블버거 1개요,2
배달해주세요 인크레더블버거 1개 보내주세요,2
배달 인크레더블버거 1개,2
배달주문 인크레더블버거 1개,2
배달부탁 인크레더블버거 1개,2
배달 빨리좀요 인크레더블버거 1개,2
배달 빨리보내주세요 인크레더블버거 1개 ,2
배달 지금 되죠? 인크레더블버거 1개 보내주세요,2
배달 가능하죠? 인크레더블버거 1개 보내주세요,2
배달 빨리 가능한가요? 인크레더블버거 1개 보내주세요,2
배달 지금 되죠? 인크레더블버거 1개 배달해주세요,2
배달 가능하죠? 인크레더블버거 1개 배달해주세요,2
배달 빨리 가능한가요? 인크레더블버거 1개 배달해주세요,2
여기 통새우버거 하나 보내주세요,2
배달해주세요 통새우버거 한 개,2
배달해주세요 통새우버거 1개,2
배달부탁드려요 통새우버거 1개요,2
배달해주세요 통새우버거 1개 보내주세요,2
배달 통새우버거 1개,2
배달주문 통새우버거 1개,2
배달부탁 통새우버거 1개,2
배달 빨리좀요 통새우버거 1개,2
배달 빨리보내주세요 통새우버거 1개 ,2
배달 지금 되죠? 통새우버거 1개 보내주세요,2
배달 가능하죠? 통새우버거 1개 보내주세요,2
배달 빨리 가능한가요? 통새우버거 1개 보내주세요,2
배달 지금 되죠? 통새우버거 1개 배달해주세요,2
배달 가능하죠? 통새우버거 1개 배달해주세요,2
배달 빨리 가능한가요? 통새우버거 1개 배달해주세요,2
여기 화이트갈릭버거 하나 보내주세요,2
배달해주세요 화이트갈릭버거 한 개,2
배달해주세요 화이트갈릭버거 1개,2
배달부탁드려요 화이트갈릭버거 1개요,2
배달해주세요 화이트갈릭버거 1개 보내주세요,2
배달 화이트갈릭버거 1개,2
배달주문 화이트갈릭버거 1개,2
배달부탁 화이트갈릭버거 1개,2
배달 빨리좀요 화이트갈릭버거 1개,2
배달 빨리보내주세요 화이트갈릭버거 1개 ,2
배달 지금 되죠? 화이트갈릭버거 1개 보내주세요,2
배달 가능하죠? 화이트갈릭버거 1개 보내주세요,2
배달 빨리 가능한가요? 화이트갈릭버거 1개 보내주세요,2
배달 지금 되죠? 화이트갈릭버거 1개 배달해주세요,2
배달 가능하죠? 화이트갈릭버거 1개 배달해주세요,2
배달 빨리 가능한가요? 화이트갈릭버거 1개 배달해주세요,2
싸이버거 1개 배달해주세요 빨리좀 부탁드립니다.,2
배달 주문이요 싸이버거 1개 빨리좀 배달해주세요,2
배달 주문이요 싸이버거 1개 빨리좀 부탁드립니다,2
배달부탁드려요 싸이버거 1개 빨리좀 부탁드립니다.,2
배달부탁드려요 싸이버거 1개 조심히 와주세요,2
배달 주문이요 싸이버거 1개 조심히 와주세요,2
배달주문이요 싸이버거 1개 조심히 배달와주세요,2
화이트갈릭버거 1개 배달해주세요 빨리좀 부탁드립니다.,2
배달 주문이요 화이트갈릭버거 1개 빨리좀 배달해주세요,2
배달 주문이요 화이트갈릭버거 1개 빨리좀 부탁드립니다,2
배달부탁드려요 화이트갈릭버거 1개 빨리좀 부탁드립니다.,2
배달부탁드려요 화이트갈릭버거 1개 조심히 와주세요,2
배달 주문이요 화이트갈릭버거 1개 조심히 와주세요,2
배달주문이요 화이트갈릭버거 1개 조심히 배달와주세요,2
인크레더블버거 1개 배달해주세요 빨리좀 부탁드립니다.,2
배달 주문이요 인크레더블버거 1개 빨리좀 배달해주세요,2
배달 주문이요 인크레더블버거 1개 빨리좀 부탁드립니다,2
배달부탁드려요 인크레더블버거 1개 빨리좀 부탁드립니다.,2
배달부탁드려요 인크레더블버거 1개 조심히 와주세요,2
배달 주문이요 인크레더블버거 1개 조심히 와주세요,2
배달주문이요 인크레더블버거 1개 조심히 배달와주세요,2
통새우버거 1개 배달해주세요 빨리좀 부탁드립니다.,2
배달 주문이요 통새우버거 1개 빨리좀 배달해주세요,2
배달 주문이요 통새우버거 1개 빨리좀 부탁드립니다,2
배달부탁드려요 통새우버거 1개 빨리좀 부탁드립니다.,2
배달부탁드려요 통새우버거 1개 조심히 와주세요,2
배달 주문이요 통새우버거 1개 조심히 와주세요,2
배달주문이요 통새우버거 1개 조심히 배달와주세요,2
딥치즈버거 1개 배달해주세요 빨리좀 부탁드립니다.,2
배달 주문이요 딥치즈버거 1개 빨리좀 배달해주세요,2
배달 주문이요 딥치즈버거 1개 빨리좀 부탁드립니다,2
배달부탁드려요 딥치즈버거 1개 빨리좀 부탁드립니다.,2
배달부탁드려요 딥치즈버거 1개 조심히 와주세요,2
배달 주문이요 딥치즈버거 1개 조심히 와주세요,2
배달주문이요 딥치즈버거 1개 조심히 배달와주세요,2
배달,2
배달요,2
배달 좀,2
배달 해주세요,2
배달 가능,2
배달 해주실수있나요,2
배달 가능한가요,2
배달 부탁드려요,2
배달배달,2
배달 좀 해주세요,2
배달 좀 해주실수있나요,2
배달 쌉가능?,2
싸이버거 배달,2
싸이버거 배달부탁요,2
싸이버거 배달가능?,2
배달좀 싸이버거,2
딥치즈 배달배달,2
딥치즈 배달가능,2
싸이버거 가져다줘요,2
싸이버거 가져다주세요,2
싸이버거 갖다줘요,2
싸이버거 가따조,2
딥치즈 가져다줘요,2
인크레더블 버거 배달,2
화이트갈릭 버거 배달,2
딥치즈 버거 배달,2
딥치즈 버거 배달가능?,2
딥치즈버거 가져다주세요,2
딥치즈 버거 가따줘요,2
딥치즈 버거 갖다줘요,2
딥치즈 버거 배달 플리즈,2
딥치즈 버거 배달 해조,2
싸이버거 배달 해조,2
인크레더블 버거 배달 해조,2
인크레더블 버거 배달배달,2
기브미 싸이버거 마이홈 배달,2
딥치즈 버거 집으로 배달좀,2
싸이버거 집으로 배달좀,2
인크레더블 버거 집으로 배달좀,2
화이트갈릭 버거 집으로 배달좀,2
싸이버거 배달 플리즈,2
인크레더블 버거 배달 플리즈,2
배달 가능? 싸이버거로,2
배달 가능? 딥치즈 버거,2
배달 싸이버거,2
배달 딥치즈 버거,2
배달 인크레더블 버거,2
배달 화이트갈릭 버거,2
싸이버거를 우리집으로 가져다 줘,2
딥 치즈 버거를 우리집으로 가져다 줘,2
인크레더블 버거를 우리집으로 가져다 줘,2
화이트 갈릭 버거를 우리집으로 가져다줘,2
싸이버거 배다다다다다다달,2
 싸이버거 배 투더 달,2
싸이버거 배달을 해주십쇼,2
싸이버거 배달 콜?,2
싸이버거 주셈 배달,2
싸이버거 집으로 가져오셈,2
싸이버거 우리집에 갖고오셈,2
싸이버거 부릉부릉 가져다주셈,2
싸이버거 배달 조심히 부탁해요,2
싸이버거 배달 빨리 부탁해요,2
싸이버거 어서 집으로 가져와요,2
싸이버거 배달배달배달배달배다라라라랄,2
싸이버거 배달 가능하겠어요?,2
싸이버거 딜리버리 플리즈,2
싸이버거 배애다알,2
싸이버거 ,2
싸이버거를 배달해 주시오,2
싸이버거를 배달해다주시오,2
싸이버거 배달용,2
싸이버거 배달염,2
싸이버거 배달띠,2
싸이버거 회사로 배달좀,2
싸이버거 집으로 빨리 배달좀,2
싸이버거 먹고싶은 집으로 보내주셈,2
싸이버거 개 땡김 빨리 가져오셈 집으로,2
싸이버거 배달이 지금 가능하세여,2
싸이버거 배달쓰,2
싸이버거 배달연,2
싸이버거 배달좀여,2
싸이버거 배달좀연,2
싸이버거 배달좀용,2
싸이버거 집으로 배달 가능여?,2
싸이버거 집으로 가꼬왕,2
싸이버거 배달해줭,2
싸이버거어어어 집으로오오 배달아아아알,2
싸이버거 주시와요,2
싸이버거를 집으로 가져다 주시와요,2
싸이버거를 어서 배달해 주시오,2
싸어버거를 배달해주시겠소,2
나는 원한다 배달을 싸이버거,2
원합니다 싸이버거 배달을,2
싸이버거를 배달해주시겠어?,2
집으로 싸이버거 가져와,2
싸이버거 주셈 배달도 해주셈,2
싸어버거 배달해다주셈,2
싸이버거 오토바이로 배달좀,2
싸이버거 가져와아아아아ㅏ!!!!,2
싸이버거 배달해종,2
딥치즈버거 배달쓰,2
딥치즈버거 배달띠,2
딥치즈버거 배달좀연,2
딥치즈버거 배달좀용,2
딥치즈버거 배달가능?,2
딥치즈버거 배달 플리즈,2
딥치즈버거 집으로 배달 가능여?,2
딥치즈버거 집으로 가꼬왕,2
딥치즈 버거 배달해줭,2
딥치즈 버거 어서 집으로 가져와 배달해줘,2
딥치즈 버거 집으로 배달부탁드려요,2
딥치즈버거를 배달해 주시오,2
딥치즈 버거를 배달해주십사 부탁드리오,2
딥치즈 버거를 배달해주시겠소?,2
딥치즈버거를 집에서 먹고싶군 배달 가능한가,2
딥치즈버거 배달 가능?,2
딥치즈버거 배달 쌉가능?,2
딥치즈버거 배달해,2
딥치즈버거 배달해다줘,2
딥치즈버거 가따조,2
딥치즈버거 갖다줭,2
딥치즈버거 집으로 갖다줭,2
딥치즈 버거 배달을 원해,2
딥치즈버거 배다라라라랄,2
딥치즈버거 배달 플리즈요,2
나는 원한다 배달을 딥치즈버거,2
원한다 딥치즈버거 배달을,2
딥치즈 버거를 배달해준다면 내가 이뻐해주지,2
딥치즈버거 배달해줘용,2
딥치즈 버거 집으로 배달좀,2
딥치즈 버거 기브미 배달좀,2
딥치즈 버거 배달배달배달,2
딥치즈버거 배달가능하겠어?,2
딥치즈 버거 배달가능한가요,2
딥치즈 버거 배달 가능한가용,2
딥치즈 버거 배달이 지금 되나요,2
딥치즈버거 배딜이 지금 가능함?,2
딥치즈버거 배달이 되는겨?,2
딥치즈 버거 배달 되는교?,2
딥치즈 버거 배달을 원하는것이여,2
딥치즈 버거 배달 커몬,2
딥치즈버거 배달해주시옹,2
딥치즈 버거 배달요오옹,2
딥치즈 버거 배달을 원합니다,2
나는 딥치즈 버거 배달을 원함,2
배달 할건데 딥치즈 버거 주세요,2
배달 가능하면 딥치즈버거요,2
딥치즈버거 배달띠,2
딥치즈버거 배달염,2
딥치즈버거 배달이연,2
인크레더블 버거 배달좀,2
인크레더블버거 배달요,2
인크레더블 버거 배달여,2
인크레더블 버거 배달연,2
인크레더블 버거 배달염,2
인크레더블 버거 배달좀여,2
인크레더블 버거 배달좀요,2
인크레더블 버거 배달좀용,2
인크레더블 버거 배달좀유,2
인크레더블 버거 배달띠,2
인크레더블 버거 배달영,2
인크레더블 버거 배달용,2
인크레더블 버거 배달되는교,2
인크레더블 버거 배달가능한교,2
인크레더블 버거 배달되는겨,2
인크레더블 버거 배달가능한겨,2
인크레더블 버거 배달해줘,2
인크레더블 버거 배달해조,2
인크레버들 버거 배달해주,2
인크레더블 버거 배달해종,2
인크레더블 버거 배달해조옹,2
인크레더블 버거 배달좀해종,2
인크레더블 버거 배달좀 해줘,2
인크레더블 버거 배달좀 해종,2
인크레더블 버거 배달좀 해줭,2
인크레더블 버거 배달좀 해주세요,2
인크레더블 버거 배달좀 해주세연,2
인크레더블 버거 배달좀 해주세여,2
인크레더블 버거 배달좀 해주세영,2
인크레더블 버거 배달좀 해주세용,2
인크레더블 버거 배달좀 해주세유,2
인크레더블 버거 배달을 해주세요,2
인크레더블 버거 배달을 해주세용,2
인크레더블 버거 배달을 해주세융,2
인크레더블 버거 배달을 해주세연,2
인크레더블 버거 배달을 해주세염,2
인크레더블 버거 배달을 해주세영,2
인크레더블 버거 배달은 해주시오,2
인크레더블 버거 배달이 가능한가,2
인크레더블 버거 배달이 가능하오,2
인크레더블 버거 배달이 가능하신가,2
인크레더블 버거 배달이 가능한가요,2
인크레더블 버거 배달이 가능한가연,2
인크레더블 버거 배달 커몬,2
인크레더블 버거 배달배달배달,2
인크레더블 버거 배달 가능요?,2
인크레더블 버거 배달이 되나요,2
인크레더블 버거 배달이 지금 가능해요?,2
인크레더블 버거 배달이 가능하시오,2
인크레더블 버거 배달 부탁,2
인크레더블 버거 배달 쌉가능?,2
인크레더블 버거 배달 가능?,2
인크레더블 버거 지금 배달좀,2
인크레더블 버거 지금 배달가능?,2
인크레더블 버거 지금 배달요,2
인크레더블 버거 짐 배달연,2
인크레더블 버거 집으로 배달영,2
화이트갈릭 버거 배달요,2
화이트갈릭 버거 배달띠,2
화이트갈릭 버거 배달좀,2
화이트갈릭 버거 배달여,2
화이트갈릭 버거 배달영,2
화이트갈릭 버거 배달연,2
화이트갈릭 버거 배달용,2
화이트갈릭 버거 배달유,2
화이트갈릭 버거 배달좀요,2
화이트갈릭 버거 배달좀용,2
화이트갈릭 버거 배달좀여,2
화이트갈릭 버거 배달좀영,2
화이트갈릭 버거 배달좀융,2
화이트갈릭 버거 배달해줘,2
화이트갈릭 버거 배달해줘요,2
화이트갈릭 버거 배달해줭,2
화이트갈릭 버거 배달해조,2
화이트갈릭 버거 배달해줘용,2
화이트갈릭 버거 배달해줘연,2
화이트갈릭 버거 배달해줘여,2
화이트갈릭 버거 배달해줘염,2
화이트갈릭 버거 배달해주시오,2
화이트갈릭 버거 배달해주시요,2
화이트갈릭 버거 배달해주세요,2
화이트갈릭 버거 배달되는겨,2
화이트갈릭 버거 배달되는교,2
화이트갈릭 버거 배달을 원합니다,2
원한다 화이트갈릭 버거를 배달,2
화이트갈릭 버거 배달 커몬,2
화이트갈릭 버거 배달해종,2
화이트갈릭 버거 배달해죠,2
화이트갈릭 버거 배달이 가능한가요,2
화이트갈릭 버거 배달이 되나요,2
화이트갈릭 버거 배달이요,2
화이트갈릭 버거 배달이여,2
화이트갈릭 버거 배달이연,2
화이트갈릭 버거 배달이영,2
화이트갈릭 버거 배달이염,2
화이트갈릭 버거 배달입니다,2
화이트갈릭 버거 배달원해요,2
화이트갈릭 버거 집으로 보내줘,2
화이트갈릭 버거 집으로 배달요,2
화이트갈릭 버거 배달이 가능하오,2
화이트갈릭 버거 배달이 지금 되요?,2
화이트갈릭 버거 배달배달배달,2
화이트갈릭 버거 배달요,2
에그불고기 버거 배달요,2
에그불고기 버거 배달여,2
에그불고기 버거 배달연,2
에그불고기 버거 배달띠,2
에그불고기 버거 배달좀,2
에그불고기 버거 배달해줭,2
에그불고기 버거 배달해조,2
에그불고기 버거 배달해줘,2
에그불고기버거 배달용,2
에그불고기버거 배달해줘요,2
에그불고기버거 배달해줘연,2
에그불고기버거 배달해줘영,2
에그불고기버거 배달해줘여,2
에그불고기 버거 배달해주세요,2
에그불고기 버거 배달해주세여,2
에그불고기 버거 배달해주세연,2
에그불고기 버거 배달해주세영,2
